content_stem,score,label
aplikasi bagus cepat koneksi internet salah sinyal bagus 1 1 kali sinyal jelek kasih bintang 4 kuat sinyal,4,Positif
good berkat aplikasi lancar tau aplikasi untung aplikasi grtiss latar youtube layar jernih kualitas 1080 premium puas aktif aplikasi turbo a pencet tombol wortel tahan aplikasi erti uang boros usaha moga sukses,5,Positif
tolong tingkat kn kadang lambat lelet jadih bintang 4 ya depa kerja nya tapu sa ain lumayan aplikasi,4,Positif
bagus top aplikasi tolong tingkat cepat kadang lot suka gagal ulang kuota signal bagus terima kasih sukses,5,Positif
apk nya parah banget udah lot download yg 3 jam video pas selesai tingal bentar tiba2 jaring ilang download an nya masuk putar musik video nya,1,Negatif
gara gara aplikasi wifi nya lot matiin vpn aja pake iklan ribet udah dimatiin lelet wifinya,3,Netral
vpn jaring kartu ponsel normal lag virus yg hp reaset jaring kartu hp normal bagus apk vpn kandung virus yg akibat kartu hp lag 2 kali tpi,3,Netral
manfaat bgt sempurna buka web porno blokir cmn 2 yg aplikasi nya suka ngilang gk free bayar mahal kalo langgan aja sih kalo harga langgan nya murah thanks,4,Positif
mohon kerjasamanya coba bagus ku bintang moga apk vpn buruk jaring tipu suka lelet sinyal sarat sarat iklan cengkonekmu terimaksi,3,Netral
nyesel download buang buang kuota aja gak ngaruh lambat bayar iklan iklan turun of aplikasi nonton iklan gak karuan nunggu tombol x nya gak faedah,1,Negatif
developer tolong kembali uang apk jalan mesti sya unistal 1 yg knpa tiba2 saldo emoney sya potong tolong kembali,1,Negatif
guna masuk situs susah akses suka error iklan nya gak banget kali main cuman 2 3 iklan muncul durasi iklan rasa wajar inti tuh aplikasi bagus o  o,5,Positif
yaelah 4 baru udah baru tetep sinyal jaring bagus drop buka vpn buka google aja loading aplikasi bagus sinyal jelek hujan pake vpn tembus 2mbps gin sih udah hapus aja aplikasi download mending nggak kecewa kayak,1,Negatif
terimakasih bagus trial 7 aplikasi nya bug error cepat download pakai vpn goodjob turbo vpn sesuai nama nya ngebut,5,Positif
bagus banget bikin efek deg ff clasic merah tolong developer efek deg ff nya permanenin dongg biar ga aktifin kalo main moga aja update biar permanen gitu doang sih bagusss pokok wajib cobaaa,4,Positif
jaring nya bagus cuman pakai keluh solusi ganti server ganti server jaring nya tahan 1 menit tolong baik servernya,3,Netral
aplikasi bagus tolong hilang metode bayar gk ngerti ganti server muncul metode bayar ribet aplikasi agk ribet coba hasil aplikasi bagus kasih bintang 4,4,Positif
vpn yg jengkel bentar iklan udah gt iklan bikin lot pokok apk muak emosi saat lelet dampak iklan yg muncul menit,1,Negatif
suka aplikasi karna mebuka situs blokir bantu terima makasih aplikasi turbo vpn krna legah puas krena bgitu buka hasrat curah,5,Positif
vpn nya gokil masuk server game pubg codm lancarr kadang emang suka lag servernya gak contact hp udh bagus vpn donwload vidio yt vidio tu kadang lot pas pake vpn udh cepat vpn andal sih ga dipake liat aneh aneh y bang,5,Positif
bantu boss q klo aplikasi lengkap free wal pepper anti sadap hackers bersih handphone virus kren,5,Positif
iklan bejibun banget lambat koneksi terpakasa baik deh nonton iklan mulu,1,Negatif
apk nya lumayan bagus iklan nya gk banya tingkat ya depan nya bagus,4,Positif
tingkat cepat akurasi nya nyaman guna dpt lbh negara nikmat situs2 yg blokir,5,Positif
dikerjain indosat gak ngakses situs techpowerup web nya down pake aplikasi tembus beres akses alamat web nya,5,Positif
ngikut aja tnpa basabasi kasih bintang full aja klo gk fungsi dn gk sesuai fungsi tinggal hapus aja nya coba apk trimakasih yg karya,5,Positif
aplikasi bagus pakai jga dijadikn tameng android yg sy pakai,5,Positif
buka aplikasi lelet susah semenjak pakai turbo vpn mudah cepat,5,Positif
tipu tulis uji coba gratis 7 saldo potong refund google tuju hadeh aplikasi kontolllll,1,Negatif
top markotop pkoknya aplikasi iklan kendala ayo acung jari aplikasi turbo vpn,5,Positif
bagus sih iklan klo hilang iklan aja,2,Negatif
bagus langgan mahal rangin pokok ya bagus aplikasi,5,Positif
bantu yg susah akses tp iklan nya susah bos mohon hilang iklan,5,Positif
tdk daftar akun tdk akun tiba2 saldo gopay potong otomatis 200rb trs yg premium platinum akun,1,Negatif
kasih bintang kadang bagus kadang jelek sory y klo pakek bagus y tambahin deh 1 senang aplikasi nya guna faedah makasih,4,Positif
apknya bagus muas minta tolong iklan hilang terimakasih,5,Positif
apl yg bagus muas tolong baharu biar mantap apl yg nya y bosqu,5,Positif
coba tau hasil nya kasi 3 bintang bagus sayah kasih pul,3,Netral
keren iklan nya bro x durasi,5,Positif
mantap cepat mudah mudah buka situs web blokir,5,Positif
vpn ny guna situs yg blokir auto buka mantap pokok vpn nya download vpn jamin gk nyesal,5,Positif
iklan guna klik ulang ulang hasil,1,Negatif
aplikasi nya emang masuk server gua main ml musuh nya bot haha,5,Positif
putus kadang kadang internat gua sinyal 8mb pakai vpn drop 1mb,3,Netral
iklan banayak jaring nya lot bangeetttttt tolong baik depan,2,Negatif
bantu buka link download upload file batas sistem websitenya sayang iklan iklan kena biaya saran guna download situs turbo vpn bebas iklan guna situs bulan berat iklan download turbo vpn kena biaya moga turbo vpn iklan fnxedws,5,Positif
bantu iklan yg ganggu ya iklan bayar suka aplikasi gratis iklan bayar wkwkwk,5,Positif
gila vpn bener2 ngebantu sinyal lot internetan tahan kualitas dn jgn pake premium bayar biar laris yg donlod rakyat apk trims,5,Positif
bagus suka aplikasi nya kurang muncul iklan nya,5,Positif
apk nya keren coba akun free fire server thailand hasil terimakasih turbo vpn,5,Positif
aplikasi bagus tingkat ya bos cepat,5,Positif
bagus hp cepat main game ram gak ngelag,5,Positif
bagus pilih video nonton pilih negara,5,Positif
mantap pokok tolong tingkat suka terkadang hubung ulang si,5,Positif
aplikasi sih udh premium eh gk cari diam aja kelinci nya empat bintang,1,Negatif
kadang lot iklan premium bahaya muncul takut pencet nyedot,5,Positif
mantap pokok nya tolong baik bebe rapa bug nya,5,Positif
moga sesuai harap speed kencang bebas selancar dunia,5,Positif
bagus kadang jdi lot banget tolong tingkat lg,5,Positif
speed kencang tahan ya iklan dikit gpp maklum,5,Positif
skarang sih apk pvn yg smoga ttap tahan aja cepat nya bila2 update,5,Positif
aplikasi ok kalo rangin iklan,5,Positif
jaring stabil ditambahin,4,Positif
apk nya klo si bagus puas puas banget mantap,5,Positif
mm batu aplikasi i terima kasih 6 30,5,Positif
god job klo tahan dg iklan hasil yg guna betah rezeki alir mantap,5,Positif
cepat gampang error rombak apk biar akses cepat,3,Netral
bayak iklan mengunakan aplikasi bayak iklan yah harap baik,2,Negatif
versi it s okey iklan putus koneksi tp bagus performa,5,Positif
recoment banget yg susah jangkau yah kadang signal nya ilang2 an jadi buffring ilang sendiri gambar nya,5,Positif
mantap and tpi ngelek jaring,5,Positif
bintang 5 karna aplikasi bagus cepat percaya buka situs anti blockir,5,Positif
banyak iklan durasi nya coba diskusi dgn tim,2,Negatif
aplikasi bagus tunjang pakai luar negri,5,Positif
aplikasi sgt bantu anak rantau silaturahmi rindu sm org tua vidio coll pake aplikasi,5,Positif
ni apk gratis aj dah bagus premium ny pokok ny oke mudah2han semangkit jd yng depan trimakasih,5,Positif
bagus cuman iklan aja mohon rang,5,Positif
maaf bintang 4 tolong iklan klo ilangin stidaknya rangin sya ganggu,4,Positif
vpn langsung uninstall 2bulan alami potong dana 180 000 rupiah konfirmasi langsung kena potong tolong bantu kembali dana,5,Positif
suka sih aplikasi tpi terkadang putus koneksi ny tolong ya admin aplikasi baik,5,Positif
suka aplikasi bantu buka aplikasi blokir senang aplikasi susah paya cari aplikasi menggangu cari aplikasi yg gak fungsi aplikasi aplikasi nyaman aman jam jam rasa bosan aplikasi terimakasih,5,Positif
kadang putus konek tpi gk lumayan bagus,3,Netral
guna apk mantap mudah cepat,5,Positif
kasih bintang full ajah download aplikasi tanksmantap aplikasi aplikasi keren buka situs blokir thanks pakai aplikasi joss mantap buka situs blokir internet keren aplikasi,5,Positif
mantap banget sinyal auto lancar ngk blokir,5,Positif
lumayan bagus iklan nya kebon banget banget asa nonton youtube nonton iklan,2,Negatif
iklan sinyal hilang,4,Positif
yah kalo pake tuh kadang2 suka ilang tiba2 jaring nya mh ko bagus2 aja,5,Positif
aplikasi bagus kalo mendownload jg tolong iklan kurang,4,Positif
alpikasi turbo vpn bagus cmn kalao tdk d aplikasi tdk langsung off dgn mohon d tingkat aktif d pakek tdk oflen,5,Positif
bagus si lag jaring,5,Positif
ok tolong tingkat cepat jgn x iklan,5,Positif
gak hilang status bar ya tulis gak enak salah perangkat ketuk sambung suruh nyambung iklan mati iklan lihat status bar aja suruh nyambung iklan rajin banget untung bikin,1,Negatif
utk is the best blom tau depan moga kian cepat turbo nya,5,Positif
overall oludah oke kadang jaring suka down tolong baik jatingan stabil,5,Positif
update aplikasi aktif 15 detik mati ribet on 15 detik off,2,Negatif
knp premium ya akses indo gak knp apk sampah bgt masuk indonesia suruh premium kalo cari cuan jgn gitu juga org miskin kasihan,1,Negatif
apk vpn nya bagus banget kadang klo asyik nonton suka mati devloper tolong baik,4,Positif
gaenak pake si performa lancar tpi vpn ny mati sndri kalo mati stlh 2 3 jam sih ok bbrp menit apk nya putus sambung si,3,Netral
asli mantap banget ken jaring cepet pake aplikasi sumpah download vidio 200mb an cepat 1 4mb s pake jujur sih rill banget loh rek langsung 25mb s ku harap depan cepat jaring pokok the best la no debat apk,5,Positif
bantu banget nih aplikasi kalo masuk web iklan pencet dikit pindah tab iklan judi,5,Positif
apk a ud bagus sih iklan a kali klo iklan a apk a bagus enk cepat jg min hilang iklan a biar apk a enk,4,Positif
baik sinyal nya ngelek utk hdi,5,Positif
mulu si gak kaya bagus udah bagus gak kotak katik udah bagus sob yg,4,Positif
bintang5pasti vpn turbo muas recommended banget kalian2 butuh aplikasi vpn ya vpn turbo best skrg msh baik mudah ga sulit jaga tingkat alam skrng coba bukti beda dngn yg,5,Positif
aplikasi lengkap uc browser bagus cepat unduh jos anti lelet,5,Positif
cepat jaring ok cuman kadang tiba2 loading pas sdang d aktif,3,Netral
langgan saldo dana potong mohon info refund pakai terimakasih mohon refund saldo,1,Negatif
aplikasi bagus iklan iklan,4,Positif
lumayan gitu suka kadang ngelag iklan tolong apus ajh bikin ribet banyak iklanya,4,Positif
nih vpnnya gagal hubung kemaren kemarin gk da msalah tolong baik cepat,5,Positif
bantu lot moga cepat baik terima kasih,4,Positif
aplikasi mantap tp baik lg kdang suka lot,5,Positif
apk bagus indonesia premium wilayah aja lebih bagus,4,Positif
bagus banget harga nya mahal rangin bagus bos,5,Positif
turbo vpn bantu jelajah akun terima kasih vpn jaya depan,5,Positif
aplikasi vpn jelek pakai 10x coba maka gagal mending uninstall aja,1,Negatif
aplikasi turbo pvn bagus bantu selancar dunia maya,5,Positif
game bagus jaring kadang kadang leg mohon baik,5,Positif
bagus iklan kurang biar gak menggangu terima kasih,4,Positif
lengkap pasti lancar mulus masuk internet serasa gak kendala buka2 situs,3,Netral
bagus tolong tingkat baik akses cepat terima kasih,5,Positif
terkadang koneksi putus,5,Positif
bintang bicara tingkat kualitas jaring,5,Positif
vpn bagus iklan iklan,5,Positif
ya akw sih lumayan mmbnt tp ya gitulah ngelag sihh tp jaring mohon donk lancar dikit,4,Positif
oke sih server singapura langgan free no 2 langgan sih,4,Positif
buka vpn slalu gagal sy sdh kl coba ttap ngga,1,Negatif
baguss apk nya buka situs buka,5,Positif
coba hasil bagus koneksi cepat,5,Positif
dah bagus tolong ditingkatin vpnnya yg gratis,5,Positif
wifi lancar gagal sambung,1,Negatif
bantu jaring lancar guna mudah recomend deh,5,Positif
mohon iklan nya hilang,5,Positif
senang pake alplikasi turbo vpn sampe moga sukses,5,Positif
apk sampah jaring lot iklan mana iya maklum iklan yoo jaring astaghh susah banget nonton live streaming aja kualitas mentok 240p itu banyak mutar nya kualitas 144p aja suka loading banding apk vpn yg wow pake nonton banget tembus 1080p lancar banget gak tuh jaring mutar nyesel banget download aplikasi vpn rekomendasi,1,Negatif
mudah n koneksi cpt dgn vpn,5,Positif
update optimal koneksi cuman yaaa gimana yaaa koneksi tambah buruk cepat mendownload meng upload file percaya apk sekian terimakasih alih apk,1,Negatif
apk nya jelek banget main game nggk sambung pas mati in vpn nya sambung,1,Negatif
coba mudah2 an cepat lancar,4,Positif
main ml jelek main game aja bagus kagak pakai ni aplikasi jelek jaring main game kagak bagus2nya nggak lancar buruk saran yg main game hapus aja,1,Negatif
mantaf bantu perangkat yg lot ga jalan,5,Positif
lumayan iklan gak,5,Positif
bagus nelpon wa negara lancar pake thank s,5,Positif
mantap tpi cepat baik ya pokok oke best,5,Positif
bantu mada jaring lemah mebuka situs kunci pokok nya good,5,Positif
parah banget sinyal nya ga cepat banget,1,Negatif
vpn bagus iklan tolong makan kuota sukses depa,5,Positif
vpn baik batas speed internet vpn belah aplikasi recommended terimakasih,5,Positif
bagus apk nya dpt bantu buka situs2 yg suka error mantap,5,Positif
aplikasi yg lumayan bantu optimal browsing tp tingkat,4,Positif
langgan premium 30 april 2024 3 3 mei 2024 akun premium,1,Negatif
aplikasi bagus lancar cepat pokok mantap brooooo,5,Positif
percaya bukti jaring lancar jga engk bnyk iklan pokok good,4,Positif
jjr ny bagus smakin jlk bgt vpn ny suka klo ngak ya lelet beda sma,1,Negatif
bantu kalo download film telegram gabisa lot pake langsung lancar,5,Positif
guna masuk situs yg susah akses kadang suka error,5,Positif
bagus apk ringan jaring cepat gak iklan,5,Positif
mantep lahhh sih kayak premium heheh,4,Positif
iklan ganggu lag oke pokok,5,Positif
manfaat jaring josss anti lelet kalo pake apk,5,Positif
turbo vpn buka situs video bokep asli indonesia,5,Positif
hambat jaring baik vpn turbo atas,5,Positif
ko gk hubung min udh utak atik tetep gk udh hapus download ulang ttp gk,1,Negatif
jaringanya lalot si guna,4,Positif
kalo sih kasi yg yg jangkau koneksi nya biar cari situs yg bagus,5,Positif
lumayan cuy situs download musik y2mate kominfo internet,5,Positif
bagus terkadang sinyal gak stabil mohon baik,5,Positif
aplikasi bagus bantu ygagak sinyal wifi rumah orang tua yg beda rumah,5,Positif
gratis koneksi nya cepat server jangkau,5,Positif
mantaaaap turbo lancar lebih biar bintang bicara,5,Positif
mantap cuman iklan gak apa nama gerat poko baiik bantu,5,Positif
kualitas jaring buruk,1,Negatif
bagus iklan jg gk menganggu the best pokok,5,Positif
pokok keren nih app turbo vpn bantu saat jaring wifi kendala,5,Positif
tolong baik iklan hp lot udh gitu jaring jga lot tolong yaaa,2,Negatif
markotop kotop lanjut tingkat only you the best,5,Positif
kurang iklan bagus kadang lot jg sih,5,Positif
apk nya ome tv pas udah nyambung udah main ome gabisa indo,5,Positif
bagus link yg belokir buka bantu terimakasih turbo vpn,5,Positif
aplikasi bagus suka macet jalan lancar pokok mantap,5,Positif
mantap sya kasih bintang 5 tpi kadang lelet moga maksimal,5,Positif
muas iklan nya tlong kurang,5,Positif
lumayan iklan kalo pas buka gak muncul iklan kasih bintang 5,2,Negatif
jaring lelet bintang 3 aja dlu klo jaring sinyal bagus jasih bintang 5,3,Netral
sumpah apl nya bagus banget vpn nya cepet lancar premium,5,Positif
terimakasih bantu tonton sepakbola langgan,5,Positif
poko top markotop bantu akses susah akses,5,Positif
mmbantu mmbuka aplikasi susah buka tolong tingkat koneksi mkaasihh,5,Positif
4 bintang ya nya nyoba tp sdh bagus tdk eror tambahin 5 karna lm instal lngsung eror,4,Positif
aplikasi bagus sayang sinyal lambat,5,Positif
kasih bintang 4 mudah2an turbo vpn depan lancar lelet,4,Positif
mantap jaring super cepat mudah,5,Positif
apl turbo vpn bagus seh gw kasih saran iklan nya menggangu,5,Positif
ane pakai vpn belah ttp tdak muas tpi admin ane muas bantu ane baca komik makasih admin kontribusi,5,Positif
apk nya lumayan bagus top kembang biar yg suka ok trima kasih moga sukses,5,Positif
          100  ,5,Positif
bantu masuk situs yg susah akses mantap,5,Positif
guna tambah kuat jaring lancar,5,Positif
udah lumayan bagus coba kurang iklan yg durasi,1,Negatif
aplikasi bagus engga ribet kalo engga iklan kasih bintang 5,3,Netral
maaf turbo vpn anak salah tekan langgan dana pakai langgan aplikasi turbo vpn batal langgan nya aplikasi turbo vpn kembali dana,5,Positif
mantap hambat yg terima kasih kembang nya sukses,5,Positif
bagus tahan iklan nya kurang,5,Positif
lumayan bagus sih kendala lot ya klau baik sdkit,4,Positif
bantu kadang koneksi putus,5,Positif
guna kreator guna foto video bagus,5,Positif
bantu pakai apl bintang tbahkan terimakasih,5,Positif
iklan butuh ngakalin 1text,2,Negatif
aplikasi yamg mudah guna praktis n gak ribet,5,Positif
tambah tahu situs akses server negeri,5,Positif
bagus aplikasi cepat buka situs yg blokir mantap poko,5,Positif
guna nya simpel cepat lancar,5,Positif
poko cakep ga kendala iklan,5,Positif
tolong diperbaikin vpn nya biar pas main,5,Positif
mas muda nya pahala yg in dosa ngomong aplikasi nya bagus kasi bintang 4 ya,4,Positif
iklan hilang,5,Positif
bgs nich aplikasi kadang lot jg trs tingkat kualitas nya,4,Positif
turbo vpn top banget jaring mulus,5,Positif
aq suka aplikasi tpi yg aq gk neng jaring nya hilang,5,Positif
mudah jajah situs yg blokir sinyal lancar,5,Positif
manfaat tolong rang iklan nya,5,Positif
mantap binasa dah,5,Positif
sifat aplikasi yg canggih cepat,5,Positif
super cepat manfaat buka aplikasi situs yg blokir,4,Positif
yg jls y turbo vpn oke mantap smga aplikasi y lancar trs,5,Positif
sinyal bagus negara,5,Positif
turbo vpn secure vp sanggatt bagus tambah tahu ilmu sanggat guna,5,Positif
aplikasi cepat mudah cari video,5,Positif
aplikasi nya lumayan lot tolong baik,3,Netral
main game buruk koneksi ny,2,Negatif
otomatis langsung aktif terima kasih aplikasi,5,Positif
iklan iklanya banyak,2,Negatif
nya suka putus2 vpn nya 20 menit jalan bagus tiba2 ganti lokasi ganti lokasi baik kasih 1 bintang kasih 5 bintang,1,Negatif
komentar vpn mts vpn baik 2015 an pakai turbo vpn bagi keren pengin luas pakai premium langgan pilih uji coba pokok keren turbo vpn makasih,5,Positif
koneksi cepat ribet iklan wajar nama gratis iklan ya bayar terimakasih aplikasi boss sukses,5,Positif
langgan aplikasi saldo dana potong no mal aplikasi kembali saldo dana langgan sah,1,Negatif
bagus otomatis pilih lokasi ramban full durasi nya vpn maksimal 1 jam,5,Positif
iklan sinyal lot dh kayak paksa premium,1,Negatif
senang web situs yg nya ga jangkau karna pakai aplikasi harap kembang update aplikasi bagus mudah yg pakai nya semangat kawan kerja putus asa hati yg sebab mulut mulut yg tdak dngar orng yg kenal yg kenal dri lingkung yg nilai mna yg mulut,5,Positif
tahan ya bgusnya mohon tingkat depan,5,Positif
bantu penuh kuat jaring wifi,5,Positif
bagus segi lancar kenceng kadang iklan nya bikin eror kalo depan baik kasih bintang,4,Positif
aplikasi bagus situs internet mudah buka lancar lancar jaring,5,Positif
bagus tolong iklan nya rang meganggu tingkat sukses terimakasih,4,Positif
lancar moga tambah dg fitur terjemah sesuai negara guna pengupload video bokep barat nya subtitle terjemah donk,5,Positif
bantu buka link d blok sukses apk nya gbsa download d situs rangin 1 nnti klo bsa download lg sya tmbh lg bntangnya trims,4,Positif
moga aplikasi turbo vpn bantu browsing jaga website kunjung amin sukses turbo vpn turbo vpn lite,5,Positif
bagus bagus sih tpi msi butuh agret sya brikn 4 bntng dlu nya msi lgi yg baik sprti putus nya koneksi msih lambat iklan trllu,4,Positif
bagus buka arsip sejarah papua sembunyi indonesia vpn situs2 negeri merespon kondisi papua barat,5,Positif
sy rubah nilai bintang 2 karna respon positif aplikasi kali sy coba mendownload aplikasi sy trimaksih,2,Negatif
tipu coba free premium minggu batal jatuh tempo saldo e wallet potong krn premium 1,1,Negatif
buruk gak buka koneksi lambat,1,Negatif
lumayan kadang error nya,5,Positif
bagus tolong rang iklan nya,5,Positif
bagus cuman iklan nya,3,Netral
maff buang bintang nya delete karna sanga kesal tiba2 koneksi nya non aktif apk ga apk kayak gin,1,Negatif
mudah guna iklan recomended,5,Positif
mantap mudah jaring stabil,5,Positif
ribet pakai iklan,1,Negatif
lengkap premium ny a lengkap fitur server nya d makasih turbo vpn d,5,Positif
teliti baca aplikasi kumpul data guna apk beri tiga teman teman bijak apk langsung download,2,Negatif
oke sih masuk susah iklan,4,Positif
baguss kualitass sinyal ok rekomen banget,5,Positif
aplikasi performa bagus koneksi,5,Positif
bagus sedot data nya rang ya,5,Positif
koneksi bayar moga depan,5,Positif
mudah koneksi nya servernya,5,Positif
aplikasi bagus kuota ajar kuota utama nya gampang,5,Positif
mantap kadang gk nyambung ulang bbrapa kali,5,Positif
kacau nya iklan,1,Negatif
vpn mmang bagus sy pakai dr versi yg,5,Positif
bagus terlau iklan cepat,5,Positif
mantap ga nyesel douwload aplikasi iklan nya jarang,5,Positif
cepat jaringanx mantap lanjut,5,Positif
cepat simple ga ribet,5,Positif
suka tingkat cepat,5,Positif
kadang lancar kadang ngelek x tp daya nama jg gratis,5,Positif
mantap keren tolong putus putus koneksi nya,5,Positif
aplikasi buka unjung website suka x twitter lihat donwload video motivasi pagi p ajar biologi rekomendasi 5 5,5,Positif
bagus efektif oprasional,5,Positif
apk nya mantap sih pindah server pake akun bot,5,Positif
fk udh bayar langgan biar gaada iklan kenceng slow speed mulu sampe suruh ganti lokasi gaada respon feedback,1,Negatif
wow aja yg gua komen mantap bgt koneksi nya,5,Positif
cepat ringan mantap,5,Positif
bantu tpi kurang iklan donk,5,Positif
aplikasi tdk pakai hy iseng uang dana potong langgan akun aplikasi aja tdk aplikasi curi uang tuju uang i ambil konfirmasi aplikasi sesat tipu,1,Negatif
cobak aj dlu ap aklsi tahan gitu low bagus cok reting kitto fot iklan,5,Positif
turbo vpn parah koneksin sebentar kuawalahan bulak buka jaring vpn mohon yg appk tolong baik guna vpn nyaman,1,Negatif
bagus tingkat cepat privasi yg bagus,4,Positif
sial banget pake vpn coba pake yg lancar,1,Negatif
ttp tahan iklan udh,5,Positif
bantu tolong baik nya d buka,3,Netral
mantab turbo vpn yg,5,Positif
baik moga negara yg pilih mengjasilkan hasil game turbo vpn secure maju ya,5,Positif
aplikasi buka isi yg baik nya dgn kecewa bintang 2,2,Negatif
lumayan cepat koneksi aman mantap pokok,5,Positif
sanga proposinal sy meggunakan vpn tpi saldo dana sy potong rp 220800 alas bertransasi google,1,Negatif
dear developer innovative connecting aplikasi turbo vpn secure vpn proxy bagus tolong tambah fitur guna aplikasi,5,Positif
aplikasi bagus ngga iklan,5,Positif
bagus bngt bantu yg negri,5,Positif
bagus ga ribet freenya jalan moga aman,5,Positif
mantap mudah operasi nya,5,Positif
si bagus moga bagus buffering terima kasih,5,Positif
aplikasi bantu main game nonton bola,5,Positif
lumayan daerah sinyal yg stabil,5,Positif
bantu akses sinyal bagus,5,Positif
coba mudah mudah aplikasi bagus,5,Positif
vpn jalan loading cepat siput app browser google stress tolong benar plz,2,Negatif
suka apk tingkat cepat,4,Positif
vpn bagus bantu app rumit,5,Positif
mantap iklan nya,5,Positif
bantu butuh yg sipat privasi,5,Positif
keren mantab cepat koneksi,5,Positif
bingung y bintang4 bagus full 5 bintang,5,Positif
aplikasi nya lumayan bagus bantu jaring nya lelet bantu kasih bintang 4,4,Positif
cepat lelet mantap,5,Positif
bagus tolong optimal berat buka browser,5,Positif
mati mulu koneksi,5,Positif
cari vidio,5,Positif
aplikasi vpn bagus browsing internet lancar download cepat two thumbs up for turbo vpn,5,Positif
terkadang lot terkadang cepat iklan maka gratis langgan bagus,4,Positif
4 ya kalo emang bukti kencang stabil hemat masalah koneksi nya tambahin ok,4,Positif
lelet koneksi gk stabil susah utk unduh,2,Negatif
aplikasi manfaat unt bantu situs yg buka,5,Positif
koneksi lambat sulit koneksi,1,Negatif
bantu iklan menggangu top,5,Positif
mantap aplikasi dpt premium gratis 7 guna,5,Positif
aplikasi bagus andal cari situs situs blokir pusat,5,Positif
mantap ni aplikasi buka situs yg blok,5,Positif
apl yg bagus iklan,5,Positif
mantap buka sembunyi gagal nya suka ilang,5,Positif
lumayan cepat ganggu,5,Positif
bagus cocok main game tolong baik kadang putus sendri mohon baik terimakasih,5,Positif
terkadang asik nonton mala macet gk muter lg film nya,5,Positif
app bagus situs kunci buka,5,Positif
apk ni keren bgt sangqn guna buka web yg jangkau tengkiyu,5,Positif
bagus dapat sinyal cepat,4,Positif
sdh bagus iklan,3,Netral
sederhana gampang,5,Positif
aplikasi bagus patok langgan,3,Netral
mantap tp iklan nya rangin,5,Positif
bantu appnya,5,Positif
aplikasi nya bgus cepat sngat suka sngat bermnfaat aplikasi nya,5,Positif
bincang cakap,5,Positif
turbo vpn bantu saksi tayang gratis,5,Positif
4dulu mo nyoba kl bagus ane kl jelek ane un instal,4,Positif
apk sampah kali gue pake aja hp gue lot virus nya tolong baik,1,Negatif
sederhana gak ribet pakai nya,5,Positif
turbo vpn emang apl yg pokoke mantap bestieeee,5,Positif
lumayan bagus akses situs yg blokir lamban mohon depan kelinci yg lancar lari tks,4,Positif
mantap apk bantu kuat jaring,5,Positif
da mnggunsksn aplikasi mmbantu cepat proses,5,Positif
mantap app bagus yg blok buka,5,Positif
lancar jaya banyk iklan aja ribet,5,Positif
banyak iklan,5,Positif
mintak tlng jaring tingkat,5,Positif
vpn cepat mudah,5,Positif
aplikasi bagus jaring internet nya bagus,5,Positif
pantengin ama kuatin lg sinyal donk klo sinyal bagus lg bintang puuulll,3,Netral
apikasinya tarik guna kalo,5,Positif
mudah alat mbokeb,5,Positif
tolong kdang putus koneksi,5,Positif
klo perlu web kampus e down pake cepet,5,Positif
sayang iklan,5,Positif
kaut sinyal game,5,Positif
aplikasi vpn yg bgus sngt mantul,5,Positif
mantap jaring bagus super cepat,5,Positif
bagus bantu pakai apk,5,Positif
bagus sesuai dgn tqpi bagus lgi biar minjadi is the best vpn baik,5,Positif
aplikasih turbo vpn 2 bantu mantap,5,Positif
aplikasi releven tampa lelet,5,Positif
delete download delete download speak kapasitas hape lot alias nanggung gak aplikasi sajah yg sayah percaya no ngeluh no ngeleak,5,Positif
susah menyanbung vpnnya tiba2,3,Netral
bagus sayang iklan nya ganggu,5,Positif
aplikasi bagus karna loginnya cepat jaring lelet,5,Positif
kren bantu tingkat jaring,5,Positif
ampas kalo nambahin fitur mikir apk rusak non fungsional,1,Negatif
sayang iklan,5,Positif
aplikasi bantu lai batas,5,Positif
muas anti lemotmantap donlot aplikasi kawan jamin mantap tinggal ketik langsung muncul mantapppp okeh kawan trimakasih,5,Positif
mantap klu kcepatan nya,5,Positif
iklan loading,5,Positif
fungsi atas buka website batas vpn,5,Positif
aplikasi bagus bantu selancar,5,Positif
baik lot,4,Positif
apk nya bagus cuy jdi buka web yg gk buka jdi buka,5,Positif
bagus bukti cepat loading,4,Positif
lumayan cepat gercep gitu loh,5,Positif
suka apk main game jd ga da ganggu,5,Positif
vpn turbo yg pake sngtlah bgs cepat gk lelet good luck,5,Positif
udah oke banget cuman iklannyah,4,Positif
susah koneksi nya skrng knp ya turun,3,Netral
lumayan tetapibanyak iklan,5,Positif
iklan nya buka langsung iklan,3,Netral
tau mudah mudah bagus kualitas,5,Positif
lancar gk lot sukses sllu,5,Positif
nya downloadtan lat pakai vpn turbo sinyal cepat,1,Negatif
pvn putus otomatis hubung putus,2,Negatif
lancar sih tp server nya,5,Positif
kadang2 jeda lancar,5,Positif
oke mantap bantu link blokir nonton b p,5,Positif
bantu tpi sayang loading mulu,3,Netral
bagus cocok buka web yg buka,5,Positif
aqu suka appn sangat2 batu hp qu trimakasih appn nya,5,Positif
bagus lancar sayang gakbisa donload,5,Positif
mantap daerah yg sinyal sulit,5,Positif
jaring maksimal mantap,5,Positif
bagu i iklan nya,5,Positif
oky beyarpun gerat iklan,5,Positif
mantap manfaat jaring wifi ngeleg ngeleg hp,3,Netral
iklan oke,5,Positif
keren goodluck hp samsung,5,Positif
suka aplikasi bantu tingkat kerja,5,Positif
butuh aplikasi butuh nya,5,Positif
simpel mudah bantu sip,5,Positif
aplikasi bagus sukses,5,Positif
bagus aplikasi nya cepat aman,5,Positif
enak banget sinyal nya keren abis,4,Positif
koneksi lambat,1,Negatif
hmm yg ter cepat,5,Positif
aplikasi bagus buka aplikasi blokir,5,Positif
ga putar vidio blok nya buka aja,3,Netral
cepat peras a plikasih yg diingginkan,4,Positif
mantap apk nya lumayan bagus,5,Positif
bagussss iklan,5,Positif
bagus cepat cepat nya mantaf,5,Positif
mantap apks vpn cepat cewek,5,Positif
overall oke kendala,5,Positif
coba kasih bintang sapa tau servernya bagus terima kasih,5,Positif
iklan byak bos tolong diperbaikin ya kayak gituh aja deh saran,4,Positif
mudah aplikasi nya,5,Positif
aplikasi x bgus mas bingung,4,Positif
bagus tingkat layan standar,5,Positif
bagus puas aplikasi lancar,5,Positif
cepat mudah akses,5,Positif
koneksi buruk 4 baris sinyal,1,Negatif
aplikasi nya bagus bgt bantu x mksh turbo vpn,5,Positif
lancar joss,5,Positif
alhamdullah lancar aplikasi ngebel whatsapp thank you,5,Positif
semga lancar trus stabil aplikasi,5,Positif
knapa gk muncul iklan nya,4,Positif
pulas layan,5,Positif
apk burul kasih bintang 5 karna kalo bintang 5 suka,5,Positif
aplikasi nya bagus thn 2010 sampe thn 2014 dn instal,5,Positif
bantu buka aplikasi yg blokir,5,Positif
mantap cepat buka,5,Positif
cepat mantap,5,Positif
bantu guna manfaat,5,Positif
moga baik sinyal ya,5,Positif
aplikasi keren layak main guys ok,5,Positif
coba moga hasil bagus bintang kurang,5,Positif
tolong upgrade lg biar download nya cepat,5,Positif
bagus kadang lot,5,Positif
mantap tahan kalo tingkat,5,Positif
aplikasi engga baca komik,5,Positif
bagus login server ga lot bgtt game,3,Netral
super lelet layak sebar orang tau,2,Negatif
lelet,5,Positif
aplikasi bagus tolong tingkat,5,Positif
terimakasih alhamdulillah aplikasi bagus bantu,5,Positif
bagus klu lancar terputus2,5,Positif
lumayan stop,5,Positif
bingung lama lama,5,Positif
aplikasi bagus coba,5,Positif
lot jalan halaman mentok 118kb muter steaming buffering twrus maaf prmain gratis min,2,Negatif
iklan,4,Positif
bagus lancar,5,Positif
bagus iklan,5,Positif
vpn yg bagus bantu buka situs yg blokir,5,Positif
sambung sinyal bagus,1,Negatif
mayan sih lot iklan,3,Netral
oke depan tolong tingkat,5,Positif
bintang penuh pokok super mantap depan baik min,5,Positif
mantap cepet banget sampe 2 gambar nya ilang,5,Positif
bagus bsa tingkat lgi,4,Positif
aplikasi bagus buka aplikasi susah buka,5,Positif
suka memper cepat biar ga lot,5,Positif
puas maksih turbo vpn,5,Positif
sumpah ni aplikasi banyak iklan nyalain muncul iklan matiin iklan mulu iklanya bgt,1,Negatif
akses game rada susah ya kalo bkn premium,5,Positif
jaring gak setabil koreksi gak pengaruh tingkat koneksi internet maaf ya kaya secem cuman buka blokir situs,2,Negatif
bagus gatau depan nya,5,Positif
bagus bantu kasih bintang 5 biar pilih baik,5,Positif
pokok bagus sesuai fungsi sia sia download apk dukung iklan bagusssss lahhh,5,Positif
bantu rusak jaring lambat perangkat mohon tingkat server nya makasih,5,Positif
mantap pokok iklan dikit,5,Positif
mantap cepat sat set,5,Positif
mantap aplikasi bantu cari link yg sembunyi mantap,5,Positif
coba si tpi moga aja aplkny emang bagus yg orang orang bilang coba,5,Positif
mudah cepat,4,Positif
bantu moga kecewa karna iklan,5,Positif
bug baharu aplikasi cocok device cepat penuh 30 detik cepat lambat coba jaring operator cepat 30 detik 2mb s 4mb s rata 150kb s turbo vpn conect diconect 30 detik tolong baik device realme 5pro,1,Negatif
iklan kerja gak optomal,5,Positif
user vpn yg keluh iklan kusaranin gak download nama aplikasi iklan gak iklan ya beli premium gitu aja ribet ya bikin aja aplikasi yg lu developer optimal notifikasi notifikasi ambang udah ku close vpn nya notifikasi muncul udah ku paksa henti muncul notifikasi thanks,5,Positif
serius nanya yg review oke tuh gmn sih pake 2 emg coba yg free trial pake pake aplikasi n vpn lancaaaaar jaya btw pake vpn utk netflix aja knp pas pake turbovpn gak ya coba konek korea jepang eh netflix gak masuk coba konek mexico singapore aussie masuk netflixnya pas klik film salah koneksi negara inti gak kepake netflix sad,2,Negatif
yg alami kendala sebab area sinyal stabil usaha hubung jaring vpn minimal 100kb p s koneksi guna puas alami iklan terkadang 3 4 iklan  not bad moga aja baik,5,Positif
easy to use ui simpel opsi protokol d hilang y pdhal klo cepat internetnya lambat ganti tipe protokol speednya kadang tingkat iklan tolong skip berulang2 karna kadang suka salah klik harga rupa moga k depan koneksi bagus stabil,4,Positif
putus iklan iklan cuan uang hasil iklan bantu kembang apk udah aja lebih turbo vpn jaring lancar server dah aja,5,Positif
jangkau 4g kadang lot video super server cepat iklan yg ganggu video yg putar tolong baik ya dri segi ok terima kasih,4,Positif
